"saledate","avg_sales_trend"
"2013-11-09","13250.0"
"2015-04-11","26500.0"
"2016-04-03","31000.0"
"2014-03-08","39000.0"
"2013-08-10","39500.0"
"2014-06-14","48000.0"
"2014-02-15","53500.0"
"2013-07-07","54000.0"
"2014-02-01","55000.0"
"2014-02-22","66500.0"
"2014-04-26","73500.0"
"2014-10-19","75000.0"
"2016-05-01","76000.0"
"2015-05-23","83945.0"
"2013-04-13","85000.0"
"2015-02-14","87000.0"
"2015-08-01","87500.0"
"2014-09-13","88000.0"
"2015-03-07","90000.0"
"2016-07-02","90000.0"
"2014-06-29","96000.0"
"2016-01-18","96500.0"
"2013-01-03","99137.5"
"2013-06-16","100000.0"
"2013-01-08","102266.7"
"2014-09-01","103666.7"
"2016-06-25","104966.7"
"2015-10-17","107500.0"
"2016-02-20","109000.0"
"2015-01-03","109900.0"
"2013-03-02","110000.0"
"2013-03-09","110200.0"
"2015-05-30","113300.0"
"2013-09-15","115000.0"
"2016-02-27","115025.0"
"2013-02-18","115785.7"
"2013-01-09","117350.0"
"2013-08-11","117500.0"
"2015-05-16","118500.0"
"2019-12-13","118500.0"
"2019-05-16","118500.0"
"2016-01-02","118938.0"
"2013-08-04","120000.0"
"2016-07-09","121000.0"
"2013-08-24","122186.7"
"2013-10-26","123300.0"
"2014-10-04","123750.0"
"2016-05-14","128050.0"
"2013-02-05","129125.5"
"2013-03-25","130061.5"
"2013-01-04","130440.0"
"2015-11-11","132050.0"
"2015-12-05","132500.0"
"2013-01-16","133152.5"
"2014-06-01","134900.0"
"2014-02-05","134969.0"
"2016-03-12","135000.0"
"2015-04-05","135000.0"
"2014-12-06","135250.0"
"2014-05-24","137000.0"
"2015-03-28","139000.0"
"2014-08-02","140000.0"
"2015-01-19","140208.0"
"2013-01-17","141014.2"
"2013-04-23","141671.6"
"2013-12-24","141921.2"
"2013-10-03","144004.8"
"2013-02-20","144416.9"
"2014-10-25","145500.0"
"2014-01-20","145583.3"
"2015-11-27","150000.0"
"2014-02-08","150400.0"
"2013-10-24","151591.2"
"2014-01-28","152588.9"
"2016-02-15","153321.6"
"2013-12-26","153813.2"
"2013-01-24","155400.5"
"2014-03-11","155617.7"
"2014-10-13","156680.0"
"2014-11-28","156949.8"
"2014-03-19","157404.8"
"2013-05-05","157500.0"
"2016-10-09","157500.0"
"2015-08-15","159000.0"
"2013-11-23","159000.0"
"2015-06-28","160000.0"
"2014-04-03","160196.4"
"2013-02-08","161959.4"
"2014-04-02","162006.0"
"2013-05-07","162669.5"
"2013-05-06","163370.1"
"2013-04-21","163700.0"
"2013-01-28","163879.3"
"2013-08-31","164000.0"
"2014-03-12","164059.1"
"2014-02-04","164284.9"
"2014-10-23","164729.5"
"2016-10-23","165000.0"
"2015-03-18","166162.4"
"2013-11-04","166434.8"
"2013-04-28","167000.0"
"2014-04-14","167293.8"
"2014-01-02","168343.7"
"2016-03-05","170000.0"
"2014-01-08","170163.3"
"2014-10-11","171000.0"
"2013-03-19","171735.0"
"2014-03-04","171862.8"
"2013-10-12","172000.0"
"2013-11-07","172318.2"
"2014-03-06","172817.7"
"2014-04-22","173227.2"
"2014-11-11","173235.7"
"2016-01-27","173844.0"
"2013-11-11","174300.0"
"2013-07-23","174612.5"
"2014-01-14","174706.0"
"2015-07-04","174900.0"
"2013-06-01","175100.0"
"2013-11-14","175699.1"
"2013-04-05","177074.6"
"2013-08-22","178157.5"
"2013-07-18","178320.6"
"2013-03-13","179611.2"
"2013-08-21","179887.3"
"2013-04-09","179963.3"
"2014-10-07","180933.2"
"2013-03-18","181427.1"
"2015-09-26","182000.0"
"2013-12-23","182169.3"
"2014-01-03","182213.8"
"2013-03-21","182310.7"
"2013-12-13","182390.6"
"2013-01-07","183064.0"
"2013-05-02","183597.8"
"2013-06-10","183715.9"
"2013-10-11","183798.6"
"2013-01-15","184401.8"
"2013-02-11","184555.6"
"2013-11-29","184750.0"
"2015-08-22","184900.0"
"2013-04-20","185000.0"
"2013-05-04","185000.0"
"2016-05-28","185000.0"
"2015-03-04","185368.7"
"2013-11-27","185419.2"
"2014-07-08","185670.7"
"2013-08-20","185923.6"
"2013-08-03","186450.0"
"2013-09-10","187599.8"
"2014-05-07","188253.6"
"2013-04-11","188558.3"
"2013-03-28","188747.3"
"2013-09-17","189026.1"
"2015-03-02","189419.1"
"2013-02-22","189801.7"
"2013-09-28","190000.0"
"2013-07-03","190184.7"
"2013-03-20","190406.0"
"2013-09-11","190822.9"
"2013-08-16","191705.2"
"2014-02-11","191862.5"
"2015-10-08","192133.0"
"2013-02-06","192228.6"
"2014-08-19","192339.8"
"2016-07-28","192500.0"
"2016-08-21","193000.0"
"2014-02-12","193222.5"
"2013-06-20","193681.5"
"2013-08-05","193906.5"
"2014-01-09","193943.4"
"2013-10-02","194041.2"
"2013-12-17","194181.6"
"2015-03-03","194276.2"
"2013-08-12","194750.0"
"2014-09-07","194900.0"
"2016-07-10","195000.0"
"2014-05-16","195012.1"
"2013-04-16","195465.0"
"2014-10-16","196516.6"
"2015-08-29","196633.3"
"2013-05-08","196738.4"
"2013-03-06","196982.9"
"2013-09-06","197161.6"
"2014-03-20","197169.1"
"2014-07-22","197350.8"
"2015-09-12","197500.0"
"2013-02-16","198000.0"
"2013-11-19","198014.3"
"2015-10-06","198101.4"
"2013-10-17","198428.0"
"2013-08-08","198514.8"
"2014-04-16","198634.3"
"2013-03-27","198997.9"
"2013-08-09","199196.2"
"2014-01-29","199252.6"
"2016-02-02","199388.0"
"2014-01-06","199842.1"
"2014-10-18","199900.0"
"2015-01-04","200000.0"
"2013-12-04","200289.2"
"2015-02-24","200401.8"
"2015-04-09","200427.7"
"2015-08-11","200438.7"
"2013-04-24","200490.4"
"2013-04-08","201227.1"
"2013-07-15","201482.9"
"2015-04-21","201633.9"
"2015-03-25","201844.7"
"2015-05-09","202000.0"
"2015-07-11","202200.0"
"2014-10-21","202280.1"
"2014-08-04","202386.4"
"2014-05-05","202413.9"
"2013-02-07","202668.7"
"2014-09-16","203033.5"
"2015-03-19","203513.7"
"2015-12-02","203683.8"
"2014-12-24","204166.7"
"2014-05-27","204273.2"
"2013-10-18","204410.0"
"2013-12-10","204579.3"
"2014-01-15","204849.8"
"2013-11-20","205063.4"
"2013-11-26","205325.7"
"2013-04-18","205511.6"
"2013-06-11","205990.0"
"2014-10-27","206037.6"
"2013-11-06","206051.5"
"2014-11-06","206083.1"
"2014-02-17","206300.0"
"2015-08-26","206521.2"
"2013-07-25","206823.9"
"2013-05-20","207026.6"
"2015-02-20","207241.3"
"2015-03-21","207500.0"
"2015-01-05","207516.2"
"2014-07-09","207520.8"
"2015-01-22","207584.4"
"2013-07-26","207602.0"
"2013-04-02","207690.9"
"2016-02-01","207927.3"
"2014-06-03","208215.0"
"2014-07-25","208276.3"
"2013-07-30","208632.0"
"2014-06-18","208725.3"
"2016-02-10","208958.8"
"2013-10-23","209124.5"
"2014-08-21","209136.7"
"2014-09-11","209208.0"
"2014-02-25","209217.8"
"2013-07-31","209454.4"
"2016-04-23","210000.0"
"2014-08-16","210000.0"
"2016-03-03","210126.6"
"2016-01-05","210352.7"
"2014-10-14","210560.7"
"2013-05-09","211196.8"
"2015-10-12","211250.0"
"2013-05-14","211296.3"
"2013-05-21","211336.1"
"2014-03-27","211859.8"
"2013-11-22","212227.1"
"2015-09-23","212383.2"
"2013-12-09","212406.6"
"2013-04-22","212488.4"
"2014-02-28","212854.4"
"2013-11-25","213016.1"
"2014-08-11","213568.7"
"2013-12-12","213853.8"
"2015-11-26","214000.0"
"2013-05-23","214029.9"
"2013-07-09","214117.3"
"2013-09-16","214213.2"
"2014-03-21","214402.3"
"2013-07-22","214650.0"
"2013-07-29","214887.9"
"2013-09-14","215000.0"
"2015-02-09","215021.7"
"2013-04-30","215087.9"
"2014-11-25","215361.3"
"2013-02-12","215415.7"
"2013-01-14","215516.1"
"2015-12-10","215533.6"
"2013-01-30","215600.2"
"2015-10-09","215911.5"
"2015-10-14","215931.3"
"2014-02-26","216293.5"
"2014-01-16","216368.8"
"2013-01-23","216455.3"
"2016-02-25","216461.0"
"2014-01-10","216782.7"
"2013-10-09","216882.0"
"2014-03-14","217413.0"
"2014-09-05","217480.7"
"2013-09-25","217484.5"
"2015-02-05","217763.7"
"2014-10-10","217986.8"
"2015-03-13","218078.1"
"2014-09-22","218296.9"
"2014-04-29","218392.6"
"2014-05-12","218747.7"
"2013-10-08","218769.9"
"2014-12-03","219059.5"
"2013-10-31","219268.8"
"2014-10-06","219445.4"
"2015-09-02","219445.4"
"2014-11-26","219487.5"
"2013-04-10","219499.3"
"2013-03-15","219521.8"
"2013-04-26","219852.4"
"2013-09-04","219858.3"
"2013-06-24","220037.1"
"2013-06-21","220194.5"
"2013-08-07","220404.2"
"2014-08-01","220632.9"
"2015-11-25","220941.6"
"2013-07-02","221144.2"
"2013-04-25","221187.0"
"2013-09-12","221243.6"
"2014-12-09","221308.8"
"2013-05-22","221481.6"
"2015-02-11","221518.4"
"2014-01-17","221725.3"
"2014-05-09","221897.2"
"2015-05-27","221962.1"
"2015-10-27","221972.7"
"2014-01-21","222368.0"
"2013-08-02","222492.1"
"2013-12-27","222560.5"
"2013-01-11","223035.7"
"2014-01-24","223220.4"
"2016-04-25","223352.5"
"2014-03-26","223365.6"
"2015-02-10","223507.5"
"2016-10-13","223567.2"
"2013-08-27","223606.1"
"2016-03-02","223776.6"
"2013-10-22","224187.2"
"2014-07-21","224472.4"
"2015-01-16","224527.1"
"2015-12-08","224766.5"
"2015-11-13","224954.4"
"2015-04-16","225040.4"
"2014-01-23","225142.5"
"2016-03-22","225224.3"
"2013-06-27","225425.8"
"2014-09-29","225583.4"
"2014-07-07","225689.8"
"2013-03-08","225794.4"
"2015-04-02","225802.5"
"2013-09-26","225828.0"
"2015-09-03","225854.2"
"2015-10-03","225900.0"
"2014-08-28","225987.9"
"2013-06-19","226174.9"
"2013-03-14","226548.7"
"2015-12-28","226913.4"
"2013-03-22","226948.0"
"2015-03-11","226959.7"
"2014-12-31","227324.3"
"2014-11-10","227417.8"
"2015-11-05","227450.5"
"2013-07-11","227467.4"
"2014-12-11","227479.2"
"2013-09-13","227649.6"
"2013-03-26","227652.2"
"2014-08-06","227718.6"
"2013-05-29","227760.8"
"2013-02-13","227895.1"
"2016-10-04","227994.2"
"2015-07-22","228062.7"
"2015-09-28","228479.5"
"2014-08-12","228821.6"
"2013-12-18","229081.7"
"2014-11-14","229139.5"
"2014-08-20","229154.9"
"2014-05-19","229188.5"
"2013-06-08","229250.0"
"2014-07-03","229459.9"
"2013-05-17","229659.3"
"2014-08-23","229750.0"
"2016-06-26","229900.0"
"2015-06-16","229986.1"
"2015-04-10","230349.9"
"2014-02-19","230423.9"
"2014-07-15","230843.4"
"2015-11-24","230862.9"
"2015-04-07","231028.5"
"2013-11-21","231351.8"
"2014-09-18","231701.4"
"2014-02-14","231852.7"
"2014-01-27","232088.3"
"2013-02-04","232189.4"
"2014-09-10","232240.1"
"2015-09-24","232416.1"
"2013-04-17","232490.0"
"2015-07-07","232522.0"
"2014-03-10","232906.2"
"2015-12-31","233076.0"
"2014-04-04","233260.3"
"2015-12-04","233297.2"
"2013-03-05","233360.0"
"2013-09-27","233380.0"
"2013-06-04","233490.0"
"2013-08-13","233603.8"
"2014-05-13","233608.6"
"2015-09-08","233635.2"
"2016-04-13","233648.0"
"2013-07-19","233730.7"
"2014-05-21","233752.9"
"2013-06-03","233831.4"
"2014-04-28","233845.8"
"2015-01-07","234158.3"
"2015-07-28","234237.3"
"2014-11-05","234328.0"
"2013-03-12","234545.9"
"2015-01-08","234613.5"
"2016-03-23","234733.3"
"2016-01-13","234841.4"
"2013-03-04","234899.3"
"2015-04-01","235177.4"
"2015-08-19","235234.7"
"2014-08-29","235236.0"
"2014-09-03","235238.0"
"2015-10-21","235263.4"
"2013-04-03","235266.1"
"2015-05-06","235346.3"
"2016-01-14","235495.1"
"2014-03-05","235622.3"
"2014-12-22","235722.2"
"2015-03-05","235816.0"
"2016-04-12","235936.4"
"2016-07-26","235972.7"
"2013-05-24","235993.2"
"2014-02-24","236292.1"
"2015-04-13","236503.1"
"2015-12-09","236512.3"
"2015-01-26","236612.4"
"2013-10-29","236657.6"
"2015-10-19","236721.1"
"2015-11-18","237468.1"
"2013-09-05","237753.4"
"2013-12-19","237789.6"
"2014-05-08","237862.1"
"2014-09-24","237946.7"
"2015-11-06","237977.2"
"2014-03-24","238107.9"
"2014-12-05","238183.6"
"2015-09-10","238414.2"
"2016-04-21","238621.9"
"2013-07-17","239083.0"
"2013-01-18","239142.9"
"2014-06-27","239440.8"
"2014-10-31","239501.8"
"2013-04-15","239534.5"
"2015-04-27","239576.4"
"2013-06-06","239814.9"
"2014-10-02","239817.9"
"2015-04-23","239872.6"
"2014-06-24","240058.3"
"2014-10-03","240105.6"
"2016-04-07","240219.6"
"2013-06-05","240369.7"
"2014-08-18","240484.9"
"2014-05-29","240505.6"
"2014-11-21","240632.0"
"2014-09-17","240666.9"
"2016-04-19","240771.0"
"2014-03-28","240821.6"
"2013-02-26","241155.0"
"2014-04-21","241232.6"
"2015-06-10","241295.9"
"2013-06-14","241408.7"
"2013-08-14","241417.6"
"2015-02-13","241976.4"
"2015-07-17","241994.6"
"2014-05-17","242000.0"
"2015-04-14","242208.3"
"2014-10-17","242297.8"
"2015-11-03","242719.6"
"2014-07-17","242839.6"
"2014-02-20","243138.2"
"2013-08-30","243171.4"
"2014-09-26","243396.5"
"2016-10-10","243409.1"
"2014-09-09","243510.6"
"2015-03-30","243609.4"
"2015-12-16","243668.7"
"2013-05-15","243743.8"
"2014-07-24","243932.5"
"2014-11-18","243983.1"
"2015-08-12","244266.6"
"2014-10-24","244308.4"
"2016-03-28","244419.4"
"2014-10-09","244640.2"
"2013-09-23","244683.3"
"2014-07-01","244802.1"
"2013-11-08","245163.1"
"2015-11-02","245200.6"
"2013-12-15","245500.0"
"2015-03-06","245546.0"
"2015-02-04","245825.2"
"2015-07-06","246052.1"
"2013-02-25","246125.5"
"2014-02-07","246143.4"
"2016-02-04","246220.7"
"2015-11-10","246244.4"
"2015-10-13","246284.8"
"2014-04-11","246418.9"
"2016-03-10","246458.9"
"2016-02-08","246603.3"
"2016-08-05","246642.3"
"2016-07-19","247295.1"
"2015-12-11","247352.0"
"2014-03-31","247577.0"
"2014-05-23","247682.3"
"2013-10-30","247819.0"
"2013-05-13","247919.0"
"2016-09-27","248152.6"
"2015-02-18","248293.9"
"2014-03-13","248595.5"
"2014-09-02","248607.2"
"2014-09-12","249014.2"
"2016-02-22","249157.4"
"2015-05-20","249603.1"
"2014-09-25","249797.5"
"2014-09-23","249820.6"
"2014-05-06","249890.7"
"2016-05-04","249972.6"
"2014-11-01","250000.0"
"2014-02-27","250003.3"
"2013-06-13","250011.1"
"2013-05-10","250284.6"
"2015-08-27","250292.4"
"2014-05-02","250369.1"
"2014-06-12","250388.6"
"2013-01-25","250399.0"
"2015-12-22","250468.8"
"2016-08-25","250584.4"
"2013-12-30","250987.3"
"2015-09-25","251064.1"
"2016-03-09","251194.1"
"2013-02-15","251474.5"
"2014-04-25","251549.2"
"2016-10-20","251595.5"
"2014-04-15","251722.6"
"2015-02-12","251742.5"
"2016-02-09","252093.1"
"2016-09-14","252183.1"
"2014-07-02","252307.5"
"2014-12-23","252543.7"
"2014-02-21","252554.4"
"2013-08-23","252615.5"
"2016-05-03","252696.2"
"2016-02-11","253114.0"
"2014-09-30","253310.9"
"2014-08-22","253513.3"
"2016-04-06","253550.4"
"2013-12-06","253762.2"
"2016-08-11","253771.0"
"2014-10-01","254146.5"
"2013-10-21","254224.5"
"2014-12-01","254244.0"
"2016-10-06","254382.7"
"2014-11-20","254387.7"
"2016-03-24","254389.9"
"2014-07-16","254450.7"
"2013-12-20","254735.2"
"2014-11-17","254767.7"
"2014-12-20","254900.0"
"2014-06-23","254979.5"
"2015-04-20","255069.4"
"2015-07-23","255076.5"
"2013-05-31","255416.6"
"2015-10-07","255451.0"
"2016-09-29","255486.3"
"2015-03-20","255487.0"
"2013-11-15","255552.5"
"2014-06-17","255625.3"
"2015-05-19","255877.6"
"2015-04-28","255933.9"
"2015-06-09","256048.1"
"2015-08-21","256071.5"
"2016-08-29","256248.1"
"2014-11-24","256316.6"
"2013-06-07","256332.1"
"2015-09-17","256358.5"
"2013-04-12","256364.6"
"2014-04-23","256438.6"
"2014-12-15","256487.1"
"2014-07-14","256497.0"
"2016-04-27","256537.5"
"2013-02-19","256585.1"
"2015-08-07","256711.3"
"2015-03-23","256752.7"
"2016-03-21","257071.3"
"2015-11-09","257251.4"
"2016-04-08","257268.1"
"2015-06-17","257325.4"
"2014-09-08","257417.7"
"2014-03-30","257500.0"
"2013-05-03","257560.6"
"2016-06-23","257586.2"
"2016-02-17","257643.4"
"2014-10-15","257799.0"
"2013-07-24","258060.3"
"2014-11-13","258092.0"
"2016-01-28","258164.6"
"2015-05-18","258232.3"
"2014-07-30","258287.0"
"2013-11-18","258331.7"
"2013-10-14","258377.7"
"2015-03-26","258552.2"
"2016-04-26","258555.4"
"2013-03-11","258558.3"
"2015-04-22","258582.4"
"2013-09-20","258762.0"
"2015-10-01","258819.7"
"2013-09-19","259113.8"
"2016-08-04","259273.3"
"2014-03-17","259280.3"
"2015-06-04","259317.8"
"2014-06-06","259457.4"
"2016-02-05","259867.8"
"2014-09-04","259920.3"
"2016-06-10","259923.2"
"2013-04-29","259956.0"
"2016-10-25","259980.4"
"2014-04-30","260055.7"
"2016-03-17","260205.3"
"2013-12-05","260302.7"
"2016-03-16","260367.8"
"2015-03-10","260458.2"
"2014-06-04","260541.0"
"2014-04-08","260707.7"
"2015-01-23","260913.3"
"2016-01-26","260934.3"
"2016-02-26","260985.6"
"2016-08-02","260988.2"
"2014-07-28","261119.5"
"2014-09-19","261375.8"
"2016-02-18","261387.9"
"2015-04-24","261433.5"
"2016-05-27","261440.2"
"2014-11-08","261750.0"
"2016-05-17","261780.5"
"2014-12-04","262123.5"
"2015-08-28","262482.2"
"2015-10-15","262485.8"
"2013-10-15","262769.7"
"2014-06-11","262785.1"
"2013-09-24","262828.6"
"2013-06-26","263157.5"
"2014-07-31","263168.8"
"2015-07-30","263259.9"
"2016-06-13","263274.2"
"2016-01-19","263338.5"
"2016-08-19","263405.0"
"2015-10-02","263409.5"
"2016-10-12","263537.1"
"2016-02-24","263542.3"
"2015-12-18","263611.8"
"2013-08-06","263618.9"
"2016-03-11","263788.3"
"2015-08-14","263859.3"
"2013-06-12","264219.9"
"2016-02-23","264450.3"
"2016-08-30","264571.0"
"2015-11-23","264839.5"
"2015-12-24","264950.0"
"2015-02-19","265129.2"
"2014-03-03","265271.1"
"2013-10-25","265312.5"
"2013-07-12","265392.7"
"2013-11-05","265773.3"
"2015-06-25","265789.3"
"2014-01-31","265924.2"
"2015-09-16","266019.4"
"2014-07-10","266348.2"
"2016-09-13","266696.4"
"2016-05-09","266866.2"
"2015-05-05","266958.5"
"2015-02-23","267162.5"
"2016-03-07","267682.4"
"2013-07-10","267812.4"
"2016-10-11","267917.7"
"2013-08-29","268178.3"
"2013-04-19","268252.3"
"2015-04-29","268275.7"
"2016-01-21","268357.6"
"2013-11-13","268682.0"
"2014-07-18","269030.8"
"2015-05-29","269052.1"
"2014-02-06","269072.5"
"2014-06-20","269157.4"
"2014-06-30","269292.7"
"2013-06-18","269363.7"
"2015-06-03","269407.8"
"2013-04-04","269434.2"
"2014-08-13","269494.0"
"2013-08-28","269526.1"
"2015-09-09","269740.6"
"2013-03-07","270079.0"
"2015-05-08","270082.3"
"2014-05-14","270273.5"
"2015-03-16","270387.7"
"2014-10-08","270602.8"
"2015-01-20","270641.9"
"2015-12-23","270686.3"
"2015-11-16","270919.6"
"2015-09-11","271054.5"
"2014-05-22","271344.0"
"2016-01-11","271357.7"
"2013-08-26","271517.5"
"2016-05-26","271600.5"
"2015-10-16","272091.5"
"2013-10-16","272176.4"
"2015-06-24","272192.0"
"2014-02-03","272200.3"
"2016-10-21","272219.0"
"2014-10-28","272239.6"
"2014-04-18","272260.4"
"2013-12-03","272281.5"
"2015-07-27","272583.8"
"2014-12-30","272703.4"
"2015-03-24","272789.8"
"2013-02-21","273654.1"
"2016-06-29","273747.4"
"2016-05-13","274142.5"
"2015-07-16","274220.8"
"2015-07-29","274240.6"
"2016-02-03","274588.5"
"2013-10-04","274656.7"
"2014-12-07","275000.0"
"2014-09-27","275000.0"
"2015-12-15","275033.5"
"2015-08-13","275117.8"
"2014-06-26","275122.8"
"2015-02-26","275145.3"
"2015-05-28","275582.3"
"2016-07-13","275701.0"
"2013-08-19","275705.3"
"2015-06-15","276250.0"
"2015-06-22","276254.4"
"2013-07-08","276344.7"
"2013-05-30","276405.9"
"2013-10-10","276564.4"
"2016-08-26","276657.7"
"2016-04-11","277006.7"
"2016-07-20","277147.2"
"2016-09-23","277220.9"
"2013-09-09","277299.1"
"2013-12-11","277446.7"
"2015-02-02","277635.0"
"2014-06-10","277694.1"
"2015-03-27","277965.1"
"2016-06-08","277984.6"
"2016-08-12","278071.2"
"2016-07-18","278274.5"
"2015-06-01","278492.3"
"2016-03-25","278720.5"
"2015-01-29","278999.6"
"2015-07-13","279081.8"
"2016-05-20","279106.0"
"2014-09-14","279284.5"
"2015-07-02","279497.0"
"2016-04-22","279741.9"
"2014-11-19","279801.3"
"2015-07-24","279876.6"
"2013-10-07","279886.2"
"2014-12-19","280048.2"
"2014-04-01","280259.9"
"2014-05-15","280406.4"
"2015-06-26","280467.1"
"2015-07-31","280518.5"
"2016-03-08","280650.7"
"2016-08-17","280733.2"
"2016-08-22","280814.8"
"2015-04-17","280930.1"
"2013-10-01","280984.2"
"2016-07-11","280998.3"
"2014-09-15","281117.4"
"2015-06-05","281213.4"
"2016-10-27","281333.8"
"2015-04-06","281404.1"
"2016-03-30","281640.3"
"2016-02-19","281766.2"
"2015-05-13","281809.0"
"2014-08-27","282020.2"
"2015-08-18","282177.4"
"2015-11-17","282233.0"
"2015-05-12","282591.3"
"2015-10-29","282878.7"
"2015-02-03","282883.7"
"2013-07-16","282883.8"
"2016-09-16","283516.4"
"2014-12-29","283594.3"
"2016-09-09","283631.7"
"2013-09-30","283685.2"
"2015-03-12","283932.4"
"2016-04-04","284072.8"
"2015-05-04","284116.0"
"2016-05-10","284303.8"
"2015-10-22","284494.6"
"2015-06-19","284647.1"
"2016-08-03","284686.7"
"2014-11-07","284864.6"
"2016-04-30","285000.0"
"2015-11-20","285000.3"
"2014-03-18","285260.8"
"2016-07-07","285361.2"
"2016-08-24","285505.4"
"2015-01-09","285760.1"
"2016-07-25","285775.5"
"2016-09-15","285796.0"
"2014-01-07","286082.4"
"2015-11-30","286087.7"
"2014-06-16","286243.9"
"2015-05-21","286464.7"
"2016-09-21","286530.8"
"2014-06-19","286915.4"
"2015-01-13","287198.2"
"2014-12-10","287339.7"
"2016-06-02","287453.6"
"2013-01-02","287837.5"
"2014-06-05","288448.9"
"2015-07-21","288579.3"
"2015-08-04","288891.2"
"2014-11-12","288989.9"
"2014-04-17","289359.1"
"2015-04-15","289363.2"
"2015-01-06","289387.0"
"2014-05-28","289778.0"
"2013-12-16","289915.3"
"2014-11-03","290171.9"
"2014-08-14","290302.1"
"2016-08-09","290598.9"
"2016-07-05","290666.5"
"2015-05-22","290698.1"
"2015-07-15","290732.6"
"2016-01-12","291394.4"
"2014-08-25","291675.4"
"2016-10-31","291910.6"
"2016-04-20","292645.4"
"2013-05-28","292734.6"
"2013-05-16","292888.8"
"2016-07-08","293336.9"
"2016-03-15","293701.3"
"2014-12-08","294020.3"
"2015-06-29","294474.8"
"2016-08-10","294626.8"
"2016-06-05","295000.0"
"2014-12-18","295132.5"
"2015-07-09","295844.7"
"2016-04-14","295865.7"
"2016-09-26","296047.9"
"2013-01-10","296059.4"
"2016-01-15","296323.9"
"2016-09-12","296335.9"
"2016-03-31","296728.8"
"2015-01-12","296821.7"
"2015-08-17","297098.2"
"2016-06-21","297208.8"
"2016-09-07","297587.5"
"2014-02-13","298125.3"
"2015-09-04","298270.1"
"2014-01-30","298360.8"
"2016-01-08","298540.6"
"2016-05-05","298717.3"
"2013-05-01","299422.8"
"2015-08-31","299568.5"
"2015-02-06","299664.7"
"2016-09-06","299789.5"
"2016-09-28","299991.5"
"2016-07-15","300296.8"
"2016-02-16","300386.7"
"2014-07-29","300418.5"
"2016-07-01","300635.7"
"2016-03-18","300744.6"
"2015-10-30","300775.7"
"2016-06-06","300781.6"
"2015-12-30","300864.3"
"2016-10-17","301030.3"
"2016-08-15","301160.3"
"2016-05-25","301525.2"
"2016-06-09","301788.4"
"2016-04-15","301930.4"
"2016-06-17","301972.9"
"2015-04-18","302500.0"
"2015-01-02","302701.1"
"2015-06-12","302728.5"
"2016-10-14","302752.9"
"2016-03-01","303103.0"
"2014-07-11","303177.7"
"2016-01-20","303366.3"
"2013-03-16","303675.0"
"2014-04-24","304046.8"
"2013-02-27","304089.0"
"2015-06-23","304089.6"
"2015-12-29","304423.1"
"2013-10-28","304581.7"
"2016-05-23","304816.0"
"2015-05-26","305229.8"
"2015-06-30","305444.9"
"2015-02-17","305525.0"
"2015-07-08","305552.2"
"2016-09-01","305893.2"
"2015-07-10","306164.9"
"2016-01-29","306554.9"
"2016-04-01","306633.7"
"2016-10-24","306676.3"
"2014-06-09","307310.4"
"2015-06-11","307493.6"
"2014-01-13","307647.6"
"2016-05-19","307795.1"
"2014-12-02","308161.4"
"2015-08-10","308546.5"
"2016-06-20","308741.2"
"2016-07-06","308839.9"
"2016-10-07","308916.3"
"2014-08-07","308935.1"
"2014-10-29","308967.0"
"2013-02-14","309017.3"
"2015-11-04","309663.1"
"2015-07-20","309853.0"
"2016-05-12","310414.4"
"2016-02-12","311553.7"
"2016-07-16","312000.0"
"2016-10-28","312380.4"
"2015-01-15","314417.2"
"2013-09-18","314480.0"
"2016-10-18","314782.1"
"2016-10-19","314858.5"
"2013-08-15","314911.8"
"2013-11-01","314916.6"
"2014-03-29","315000.0"
"2015-10-04","315000.0"
"2016-07-21","315462.3"
"2016-05-16","315592.8"
"2015-12-17","315940.8"
"2014-08-05","316362.0"
"2016-08-16","316424.1"
"2016-09-19","317088.5"
"2013-04-01","317138.4"
"2015-11-12","317206.1"
"2013-06-25","317217.1"
"2013-07-01","317550.4"
"2015-01-21","317867.4"
"2015-04-03","318062.0"
"2016-03-14","318352.1"
"2015-04-30","319384.8"
"2016-06-16","319476.5"
"2016-09-20","319623.0"
"2015-08-20","320115.5"
"2014-05-01","320275.9"
"2016-09-08","320340.7"
"2015-07-03","320350.0"
"2016-05-06","321935.1"
"2014-10-30","321976.5"
"2016-06-27","321991.7"
"2016-07-14","322091.6"
"2016-06-14","322113.3"
"2015-06-08","323740.5"
"2016-03-04","324605.1"
"2014-08-24","325000.0"
"2015-08-25","325299.0"
"2016-06-07","325508.7"
"2016-06-28","326141.1"
"2013-01-22","327288.0"
"2013-06-17","327334.7"
"2016-05-18","327393.9"
"2016-05-31","327694.8"
"2014-03-25","327855.5"
"2015-05-14","327996.8"
"2013-12-02","328112.8"
"2014-05-20","328176.2"
"2015-05-15","328392.4"
"2015-08-05","328738.5"
"2016-04-29","328871.7"
"2013-09-03","328973.0"
"2016-04-18","329960.5"
"2016-06-04","330000.0"
"2015-02-25","330341.1"
"2016-01-07","330424.7"
"2014-05-30","330973.4"
"2015-06-18","331458.5"
"2016-09-22","331939.6"
"2013-08-01","332105.7"
"2016-06-15","332787.9"
"2016-06-22","332917.5"
"2015-01-28","332934.4"
"2013-07-05","333218.1"
"2015-07-01","333250.8"
"2016-01-22","333643.3"
"2013-02-28","334094.3"
"2015-10-20","336315.5"
"2015-12-14","337151.1"
"2014-12-16","337188.8"
"2016-06-24","337359.4"
"2016-06-30","337491.0"
"2016-08-18","338590.1"
"2015-09-30","338598.6"
"2016-09-02","339716.8"
"2016-08-01","339935.0"
"2013-10-13","340000.0"
"2013-01-31","340980.0"
"2015-12-03","341510.3"
"2014-09-28","342500.0"
"2015-06-02","342937.6"
"2016-04-05","342954.3"
"2016-09-30","343700.1"
"2016-06-03","343969.0"
"2016-07-27","344132.5"
"2015-01-27","344799.3"
"2016-05-02","345133.4"
"2016-10-03","345309.3"
"2013-02-01","347700.0"
"2015-10-26","347737.1"
"2016-08-08","348594.1"
"2016-04-28","348840.4"
"2014-10-22","349159.0"
"2016-08-31","349368.4"
"2016-03-26","351666.7"
"2014-03-07","352120.9"
"2015-10-28","353530.4"
"2015-03-31","353669.8"
"2016-05-11","354566.7"
"2015-10-23","354692.3"
"2015-08-03","354779.3"
"2013-01-20","355000.0"
"2015-12-27","355000.0"
"2013-06-09","355500.0"
"2015-09-21","355949.6"
"2015-01-17","356500.0"
"2014-01-22","357871.5"
"2015-09-15","358665.5"
"2016-07-12","359309.9"
"2013-06-28","361600.2"
"2015-12-21","363890.2"
"2015-09-01","363953.0"
"2014-11-02","364000.0"
"2015-11-15","365000.0"
"2016-05-24","365524.0"
"2016-06-01","365675.0"
"2016-07-22","369372.7"
"2015-10-18","369900.0"
"2015-09-22","369903.5"
"2016-10-26","370586.1"
"2014-06-25","371950.3"
"2014-07-23","372240.7"
"2014-10-26","373050.0"
"2016-01-25","373251.2"
"2014-12-12","373656.6"
"2016-04-10","373950.0"
"2014-02-18","374999.4"
"2014-11-04","376050.5"
"2014-02-10","379266.3"
"2015-03-17","381705.0"
"2015-04-08","385892.8"
"2013-03-01","388964.8"
"2016-08-23","389912.3"
"2016-01-06","397391.5"
"2015-08-06","398382.9"
"2016-04-02","405000.0"
"2015-10-05","407461.7"
"2013-11-12","407733.4"
"2015-12-01","413668.1"
"2015-12-07","429665.0"
"2016-05-30","429900.0"
"2016-09-24","429900.0"
"2015-05-31","430000.0"
"2014-04-07","432877.3"
"2014-10-20","437652.0"
"2013-03-29","439228.6"
"2014-06-02","439645.0"
"2015-05-07","448583.2"
"2016-09-17","452500.0"
"2016-09-03","462000.0"
"2014-08-15","469198.6"
"2015-03-09","469292.1"
"2016-03-29","509949.3"
"2016-06-18","525000.0"
"2015-06-13","525000.0"
"2014-12-26","526666.7"
"2015-11-19","536202.8"
"2015-06-06","542500.0"
"2014-04-09","552096.2"
"2015-01-31","557050.0"
"2015-02-16","564750.0"
"2014-06-13","577698.2"
"2014-08-30","579900.0"
"2013-12-31","590886.9"
"2015-09-14","626292.1"
"2016-08-20","635750.0"
"2015-04-25","645000.0"
"2015-05-01","646437.9"
"2015-05-11","654140.4"
"2015-01-14","701559.2"
"2014-03-09","710000.0"
"2015-09-18","746171.1"
"2013-01-29","748601.8"
"2014-08-08","815706.4"
"2015-08-24","832044.1"
"2016-10-05","875188.4"
"2015-09-29","1178299.4"
"2013-06-29","1275000.0"
"2015-12-06","1500000.0"
"2016-01-04","1566447.9"
"2015-07-12","1640000.0"
"2014-12-17","1780747.6"
"2014-08-26","1784821.0"
"2014-04-10","2752484.3"
"2015-07-14","5034844.2"
"2015-01-30","5126820.7"
